Resources,ProbError
0.0,0.85714
1.0,0.5364
2.0,0.39112
3.0,0.29269
4.0,0.22399
5.0,0.17348
6.0,0.13586
7.0,0.10699
8.0,0.084734
9.0,0.067546
10.0,0.054466
11.0,0.043713
12.0,0.035142
