Resources,ProbError
0.0,0.8
1.0,0.40205
2.0,0.24265
3.0,0.15475
4.0,0.099065
5.0,0.064513
6.0,0.041722
7.0,0.027594
8.0,0.018365
9.0,0.012231
10.0,0.0082114
11.0,0.005524
12.0,0.0037531
