Resources,ProbError
0.0,0.66666
1.0,0.18566
2.0,0.058856
3.0,0.020147
4.0,0.0070901
5.0,0.0024919
6.0,0.0014763
7.0,0.00054738
8.0,0.0002301
9.0,8.6844e-05
10.0,3.2693e-05
11.0,1.7226e-05
12.0,7.54e-06
