Resources,ProbError
0.0,0.85714
1.0,0.59167
2.0,0.45846
3.0,0.36605
4.0,0.29751
5.0,0.24512
6.0,0.20422
7.0,0.17169
8.0,0.14547
9.0,0.12409
10.0,0.10659
11.0,0.092071
12.0,0.080003
