Resources,ProbError
0.0,0.88888
1.0,0.62955
2.0,0.4985
3.0,0.40626
4.0,0.33711
5.0,0.28264
6.0,0.24027
7.0,0.2044
8.0,0.17459
9.0,0.15021
10.0,0.12922
11.0,0.11129
12.0,0.096009
