Resources,MSE
0.0,0.08333333333333333
1.0,0.041744
2.0,0.029659
3.0,0.023844
4.0,0.019162
5.0,0.017362
6.0,0.015674
7.0,0.014729
8.0,0.013967
9.0,0.013397
10.0,0.012879
11.0,0.012401
12.0,0.011969
13.0,0.011592
14.0,0.011272
15.0,0.011003
16.0,0.010778
17.0,0.010589
18.0,0.010425
19.0,0.010279
20.0,0.010151
21.0,0.010034
22.0,0.009925
23.0,0.0098248
24.0,0.0097315
