Resources,MSE
0.0,0.08333333333333333
1.0,0.041774
2.0,0.029673
3.0,0.023871
4.0,0.0192
5.0,0.017394
6.0,0.015697
7.0,0.014747
8.0,0.013987
9.0,0.013424
10.0,0.012903
11.0,0.012423
12.0,0.011983
13.0,0.011602
14.0,0.011285
15.0,0.011017
16.0,0.010792
17.0,0.010603
18.0,0.010442
19.0,0.010298
20.0,0.010167
21.0,0.01005
22.0,0.0099424
23.0,0.0098394
24.0,0.0097423
