Resources,MSE
0.0,0.08366666666666667
21.709,0.05515
74.28,0.038909
124.61,0.031785
174.72,0.027214
224.8,0.023918
274.84,0.021495
324.88,0.019548
374.88,0.018023
424.89,0.016823
474.9,0.015856
524.91,0.014969
574.93,0.014246
624.95,0.013554
674.93,0.012977
724.96,0.012501
775.02,0.012026
825.03,0.011597
875.15,0.011294
925.38,0.010866
976.41,0.010457
1015.2,0.0099991
