Resources,MSE
0.0,0.08333333333333333
1.0,0.039709
2.0,0.026005
3.0,0.019311
4.0,0.015328
5.0,0.012706
6.0,0.01082
7.0,0.0094051
8.0,0.0083138
9.0,0.0074473
10.0,0.0067365
11.0,0.0061513
12.0,0.0056615
13.0,0.0052477
14.0,0.0048909
15.0,0.0045785
16.0,0.0043047
17.0,0.0040639
18.0,0.0038569
19.0,0.0036656
20.0,0.0034944
21.0,0.0033405
22.0,0.0032009
23.0,0.0030753
24.0,0.0029618
