Resources,MSE
0.0,0.08366666666666667
25.4,0.028502
74.978,0.0097874
124.95,0.0061455
174.97,0.004522
224.98,0.0036073
274.96,0.0030155
324.97,0.0025987
374.97,0.0022908
424.97,0.0020511
474.97,0.001862
524.97,0.001708
574.96,0.0015791
624.97,0.0014712
674.97,0.0013781
724.97,0.0012982
774.97,0.0012296
824.97,0.0011687
874.97,0.0011153
924.97,0.0010694
974.98,0.0010302
1012.0,0.001005
