Resources,MSE
0.0,0.08333333333333333
1.0,0.039949
2.0,0.026708
3.0,0.020248
4.0,0.016395
5.0,0.013827
6.0,0.011958
7.0,0.010543
8.0,0.0094402
9.0,0.0085544
10.0,0.0078259
11.0,0.0072148
12.0,0.006695
13.0,0.0062455
14.0,0.0058544
15.0,0.0055121
16.0,0.0052078
17.0,0.0049366
18.0,0.0046949
19.0,0.0044757
20.0,0.0042757
21.0,0.0041011
22.0,0.0039354
23.0,0.0037807
24.0,0.0036388
