Resources,MSE
0.0,0.08333333333333333
4.0,0.039422
8.0,0.030769
12.0,0.027138
16.0,0.023919
20.0,0.021631
24.0,0.020134
28.0,0.019099
32.0,0.018318
36.0,0.01769
40.0,0.017167
44.0,0.016725
48.0,0.016348
52.0,0.016025
56.0,0.015744
60.0,0.015497
64.0,0.015276
68.0,0.015072
72.0,0.014881
76.0,0.014698
80.0,0.014522
84.0,0.014352
88.0,0.014189
92.0,0.014035
96.0,0.013895
100.0,0.013771
104.0,0.013666
108.0,0.013584
112.0,0.013523
116.0,0.013482
120.0,0.013456
124.0,0.013438
128.0,0.013421
