Resources,MSE
0.0,0.08333333333333333
4.0,0.047043
8.0,0.040622
12.0,0.037171
16.0,0.034255
20.0,0.031696
24.0,0.029495
28.0,0.027629
32.0,0.026053
36.0,0.024713
40.0,0.023556
44.0,0.02254
48.0,0.02163
52.0,0.020802
56.0,0.020042
60.0,0.01934
64.0,0.018693
68.0,0.018097
72.0,0.017545
76.0,0.017033
80.0,0.016551
84.0,0.016092
88.0,0.015647
92.0,0.015209
96.0,0.014777
100.0,0.014359
104.0,0.013968
108.0,0.013609
112.0,0.013265
116.0,0.01288
120.0,0.012378
124.0,0.011713
128.0,0.010903
