Resources,ProbError
0.0,0.5
0.07502,0.48594
0.125,0.46189
0.175,0.42983
0.22498,0.39026
0.27499,0.34602
0.32499,0.30107
0.375,0.25753
0.425,0.21797
0.47499,0.18211
0.52499,0.1507
0.575,0.12494
0.62502,0.10301
0.675,0.085092
0.72501,0.070608
0.77498,0.058374
0.82499,0.048707
0.875,0.040058
0.92499,0.033047
0.975,0.02692
1.025,0.022021
1.075,0.017722
1.125,0.014261
1.175,0.011361
1.225,0.008829
1.275,0.0069015
1.325,0.005323
1.375,0.0041188
1.425,0.0031556
1.475,0.0024202
1.525,0.0017439
