Resources,ProbError
0.0,0.5
0.075009,0.47858
0.125,0.44441
0.175,0.40017
0.225,0.35091
0.275,0.30086
0.325,0.25539
0.375,0.2138
0.425,0.17785
0.475,0.14702
0.525,0.12017
0.575,0.09755
0.62501,0.078234
0.675,0.062166
0.725,0.048907
0.77499,0.037871
0.825,0.0292
0.875,0.022098
0.92501,0.016825
0.97499,0.01256
1.025,0.0093231
1.075,0.006944
1.125,0.0050645
1.175,0.0037466
1.225,0.0027362
1.275,0.0020396
1.325,0.0014963
1.375,0.0010908
1.425,0.00079719
1.475,0.00057843
1.525,0.00043956
