Resources,ProbError
0.0,0.5
0.075015,0.4882
0.12501,0.46966
0.175,0.44217
0.22499,0.4087
0.27499,0.37077
0.325,0.3298
0.375,0.28783
0.42499,0.24687
0.475,0.20802
0.525,0.17257
0.57499,0.14067
0.625,0.11316
0.675,0.089608
0.72499,0.069777
0.775,0.053736
0.825,0.040767
0.87501,0.03063
0.925,0.022886
0.97499,0.016886
1.025,0.012246
1.075,0.0088895
1.125,0.0063994
1.175,0.004514
1.225,0.0031808
1.275,0.0023366
1.325,0.0015903
1.375,0.0011198
1.425,0.00078711
1.475,0.0005633
1.525,0.00038648
