Resources,ProbError
0.0,0.5
0.075017,0.48292
0.12501,0.45494
0.17501,0.41561
0.22499,0.3712
0.275,0.32437
0.325,0.27861
0.375,0.23574
0.425,0.19845
0.475,0.16735
0.525,0.14051
0.57499,0.118
0.62501,0.099343
0.675,0.083965
0.725,0.070717
0.77499,0.059201
0.82501,0.049176
0.875,0.040368
0.92501,0.033073
0.97498,0.026621
1.025,0.021377
1.075,0.017067
1.125,0.013394
1.175,0.010432
1.225,0.0080603
1.275,0.0061965
1.325,0.0047104
1.375,0.0035876
1.425,0.0027096
1.475,0.0019761
1.525,0.0014875
