Resources,ProbError
0.0,0.66666
0.74953,0.64733
1.6069,0.62351
2.5618,0.59911
3.5282,0.56905
4.5031,0.53997
5.4807,0.51451
6.4608,0.49207
7.441,0.47385
8.4217,0.46099
9.3998,0.45071
10.375,0.44346
11.348,0.45178
12.309,0.44164
13.219,0.49254
