Resources,ProbError
0.0,0.66666
0.74953,0.63962
1.6069,0.61063
2.5618,0.58424
3.5282,0.55763
4.5031,0.53301
5.4807,0.5112
6.4608,0.49238
7.441,0.4772
8.4217,0.46557
9.3998,0.45764
10.375,0.44958
11.348,0.45439
12.309,0.45117
13.219,0.47761
