Resources,ProbError
0.0,0.66666
0.74958,0.63177
1.6071,0.59328
2.5617,0.55926
3.5279,0.52631
4.5031,0.49822
5.4807,0.47444
6.4607,0.45493
7.4412,0.43858
8.4211,0.42637
9.4008,0.41548
10.374,0.40717
11.347,0.40099
12.305,0.39708
13.221,0.44828
