Resources,ProbError
0.0,0.66666
0.74841,0.6362
1.6066,0.59868
2.566,0.55969
3.5469,0.52656
4.5349,0.49486
5.5237,0.46617
6.513,0.44002
7.5053,0.4174
8.4979,0.39857
9.4905,0.38213
10.484,0.3679
11.478,0.35665
12.472,0.34737
13.465,0.33903
14.459,0.33308
15.452,0.32856
16.447,0.32236
17.438,0.32434
18.428,0.32047
19.421,0.32818
20.408,0.3183
21.394,0.313
22.394,0.32288
23.284,0.46939
24.262,0.16667
