Resources,ProbError
0.0,0.66666
0.74964,0.62839
1.6069,0.59432
2.566,0.55767
3.5474,0.52419
4.5349,0.49386
5.5228,0.46567
6.5132,0.44018
7.5054,0.4191
8.4979,0.40032
9.4909,0.38378
10.484,0.36989
11.478,0.35894
12.472,0.34881
13.466,0.34145
14.46,0.33586
15.452,0.33146
16.446,0.32926
17.438,0.32545
18.431,0.32835
19.421,0.32694
20.411,0.33349
21.401,0.32627
22.363,0.31905
23.306,0.31683
24.281,0.28571
