Resources,ProbError
0.0,0.66666
0.74962,0.62898
1.6074,0.59238
2.5618,0.5564
3.528,0.52112
4.5032,0.4903
5.4807,0.46511
6.4609,0.445
7.4407,0.42797
8.4209,0.41524
9.3996,0.40554
10.375,0.4021
11.347,0.39008
12.306,0.36718
13.204,0.44186
