Resources,ProbError
0.0,0.66666
0.75078,0.62373
1.6072,0.58369
2.562,0.5454
3.5281,0.5064
4.5031,0.47515
5.4806,0.44831
6.461,0.428
7.441,0.41224
8.4217,0.39913
9.399,0.39172
10.377,0.38652
11.345,0.38047
12.297,0.38169
13.213,0.34831
