Resources,ProbError
0.0,0.66666
0.74904,0.63858
1.6069,0.60503
2.5656,0.5741
3.5474,0.54705
4.5348,0.52122
5.5228,0.49863
6.5129,0.47876
7.5054,0.46239
8.4982,0.4482
9.491,0.43633
10.485,0.42613
11.478,0.41834
12.471,0.41134
13.466,0.40545
14.459,0.39986
15.453,0.39638
16.446,0.3933
17.438,0.39199
18.429,0.39214
19.42,0.38432
20.407,0.39328
21.389,0.38343
22.364,0.39067
23.33,0.37143
24.26,0.33333
