Resources,ProbError
0.0,0.66666
0.74962,0.63431
1.6074,0.60182
2.5618,0.57035
3.528,0.54068
4.5032,0.51517
5.4807,0.49412
6.4609,0.47742
7.4407,0.46334
8.4209,0.45303
9.3996,0.44458
10.375,0.44051
11.347,0.42857
12.306,0.3999
13.204,0.45349
