Resources,ProbError
0.0,0.66666
0.74989,0.63952
1.6074,0.61303
2.562,0.58723
3.5279,0.56076
4.503,0.53644
5.4807,0.51537
6.4606,0.49782
7.4409,0.48257
8.4218,0.4725
9.3997,0.46209
10.376,0.45672
11.345,0.45725
12.301,0.45869
13.227,0.4
