Resources,ProbErr
0.0,0.875
1.0,0.68757
2.0,0.59837
3.0,0.52529
4.0,0.46517
5.0,0.41488
6.0,0.37244
7.0,0.33637
8.0,0.30192
9.0,0.27362
10.0,0.24689
11.0,0.22546
12.0,0.20386
13.0,0.18517
14.0,0.16709
15.0,0.15138
16.0,0.1379
17.0,0.12559
18.0,0.11477
19.0,0.1051
20.0,0.096022
21.0,0.088088
22.0,0.080608
23.0,0.073013
24.0,0.066979
25.0,0.060788
26.0,0.055224
27.0,0.050307
28.0,0.046425
29.0,0.04269
30.0,0.039159
31.0,0.036021
32.0,0.032829
