Resources,ProbErr
0.0,0.875
1.0,0.73573
2.0,0.64437
3.0,0.57073
4.0,0.50754
5.0,0.45232
6.0,0.40362
7.0,0.36042
8.0,0.32207
9.0,0.28792
10.0,0.25748
11.0,0.23032
12.0,0.20611
13.0,0.18447
14.0,0.16513
15.0,0.14785
16.0,0.13243
17.0,0.1186
18.0,0.10622
19.0,0.095156
20.0,0.085242
21.0,0.076404
22.0,0.068489
23.0,0.06138
24.0,0.055026
25.0,0.049332
26.0,0.044235
27.0,0.039687
28.0,0.035581
29.0,0.031895
30.0,0.028628
31.0,0.025678
32.0,0.023034
