Resources,ProbErr
0.0,0.875
1.0,0.78335
2.0,0.71122
3.0,0.6522
4.0,0.60822
5.0,0.56388
6.0,0.52585
7.0,0.48969
8.0,0.4565
9.0,0.42635
10.0,0.39689
11.0,0.3702
12.0,0.34427
13.0,0.32082
14.0,0.29908
15.0,0.27929
16.0,0.26016
17.0,0.24169
18.0,0.22471
19.0,0.20913
20.0,0.19439
21.0,0.18062
22.0,0.1683
23.0,0.15635
24.0,0.14565
25.0,0.13514
26.0,0.12585
27.0,0.11724
28.0,0.10866
29.0,0.10074
30.0,0.093516
31.0,0.086839
32.0,0.080662
