Resources,ProbErr
0.0,0.875
1.0,0.69948
2.0,0.59443
3.0,0.51051
4.0,0.43628
5.0,0.37037
6.0,0.31262
7.0,0.2627
8.0,0.22002
9.0,0.1838
10.0,0.15324
11.0,0.12762
12.0,0.10616
13.0,0.088249
14.0,0.073328
15.0,0.06091
16.0,0.050618
17.0,0.042083
18.0,0.034997
19.0,0.029139
20.0,0.024292
21.0,0.020293
22.0,0.01697
23.0,0.014216
24.0,0.011923
25.0,0.010019
26.0,0.008432
27.0,0.0071066
28.0,0.0060012
29.0,0.0050751
30.0,0.0043054
31.0,0.003652
32.0,0.0031087
