Resources,ProbErr
0.0,0.875
1.0,0.72929
2.0,0.64373
3.0,0.57607
4.0,0.51941
5.0,0.47068
6.0,0.42835
7.0,0.39108
8.0,0.35814
9.0,0.32877
10.0,0.30259
11.0,0.27895
12.0,0.25768
13.0,0.23835
14.0,0.2208
15.0,0.20482
16.0,0.19024
17.0,0.17686
18.0,0.16455
19.0,0.15324
20.0,0.14285
21.0,0.13324
22.0,0.12437
23.0,0.11614
24.0,0.10851
25.0,0.10145
26.0,0.094877
27.0,0.088767
28.0,0.083096
29.0,0.077791
30.0,0.072847
31.0,0.068257
32.0,0.063965
