Resources,ProbErr
0.0,0.875
1.0,0.63587
2.0,0.47772
3.0,0.35653
4.0,0.26622
5.0,0.19855
6.0,0.14798
7.0,0.11034
8.0,0.082351
9.0,0.061537
10.0,0.046015
11.0,0.034502
12.0,0.025901
13.0,0.019481
14.0,0.014684
15.0,0.011094
16.0,0.0084085
17.0,0.0063916
18.0,0.0048794
19.0,0.0037415
20.0,0.0028816
21.0,0.0022235
22.0,0.0017236
23.0,0.0013446
24.0,0.0010569
25.0,0.00083572
26.0,0.00066543
27.0,0.00053418
28.0,0.00043236
29.0,0.00035144
30.0,0.00028793
31.0,0.00023925
32.0,0.00020111
