Resources,ProbErr
0.0,0.875
1.0,0.6531
2.0,0.51627
3.0,0.41189
4.0,0.32967
5.0,0.2642
6.0,0.21193
7.0,0.17019
8.0,0.13668
9.0,0.10985
10.0,0.088339
11.0,0.071091
12.0,0.057201
13.0,0.046068
14.0,0.03713
15.0,0.029936
16.0,0.024136
17.0,0.019467
18.0,0.015718
19.0,0.012686
20.0,0.010239
21.0,0.008277
22.0,0.0066883
23.0,0.0054075
24.0,0.0043763
25.0,0.0035445
26.0,0.0028693
27.0,0.0023253
28.0,0.0018821
29.0,0.0015221
30.0,0.001234
31.0,0.0010009
32.0,0.00081093
