Resources,ProbErr
0.0,0.875
1.0,0.59776
2.0,0.4534
3.0,0.34636
4.0,0.25959
5.0,0.19513
6.0,0.14597
7.0,0.10824
8.0,0.080331
9.0,0.06015
10.0,0.044325
11.0,0.032247
12.0,0.024259
13.0,0.01813
14.0,0.013256
15.0,0.0097068
16.0,0.0072211
17.0,0.0053934
18.0,0.0040601
19.0,0.0031617
20.0,0.0023091
21.0,0.0016788
22.0,0.0012895
23.0,0.0009458
24.0,0.00070454
25.0,0.00052194
26.0,0.00039938
27.0,0.00028947
28.0,0.0002239
29.0,0.00016002
30.0,0.00011941
31.0,9.2991e-05
32.0,7.2666e-05
