Resources,MSE
0.0,0.0836666666666666
26.13,0.025297
76.47,0.0094883
121.67,0.0064071
176.75,0.0046252
226.37,0.0037487
273.16,0.0032012
324.9,0.0027606
378.56,0.0024235
426.13,0.0021899
479.63,0.0019773
525.87,0.0018256
572.11,0.0016956
622.02,0.001579
677.51,0.0014674
722.78,0.0013866
774.58,0.0013065
821.9,0.0012439
873.02,0.0011818
926.38,0.0011247
974.38,0.0010792
1010.0,0.0010458
