Resources,MSE
0.0,0.0833333333333333
4.0,0.036768
8.0,0.023778
12.0,0.017663
16.0,0.013747
20.0,0.011213
24.0,0.0095655
28.0,0.0084216
32.0,0.0075425
36.0,0.0068033
40.0,0.0061481
44.0,0.0055564
48.0,0.0050217
52.0,0.0045423
56.0,0.0041165
60.0,0.0037414
64.0,0.0034131
68.0,0.0031269
72.0,0.0028779
76.0,0.0026614
80.0,0.002473
84.0,0.0023086
88.0,0.0021649
92.0,0.0020387
96.0,0.0019276
100.0,0.0018292
