Resources,MSE
0.0,0.0836666666666666
21.54,0.057368
74.206,0.042149
124.57,0.035029
174.64,0.030187
224.75,0.026531
274.79,0.023799
324.81,0.02156
374.84,0.019628
424.87,0.018218
474.89,0.016884
524.89,0.015732
574.92,0.014746
624.94,0.013868
674.94,0.013112
724.97,0.012494
775.0,0.011882
825.05,0.011267
875.14,0.010705
925.4,0.010211
976.52,0.009704
1015.4,0.0093048
