Resources,MSE
0.0,0.0833333333333333
4.0,0.037166
8.0,0.024426
12.0,0.018285
16.0,0.014593
20.0,0.012263
24.0,0.010658
28.0,0.0092548
32.0,0.0079486
36.0,0.0069061
40.0,0.0061349
44.0,0.0055543
48.0,0.0051011
52.0,0.0047332
56.0,0.0044187
60.0,0.0041301
64.0,0.0038434
68.0,0.003544
72.0,0.0032348
76.0,0.0029367
80.0,0.0026753
84.0,0.0024626
88.0,0.0022947
92.0,0.0021605
96.0,0.0020499
100.0,0.0019559
