Resources,MSE
0.0,0.0836666666666666
23.879,0.040747
74.348,0.025664
124.6,0.022267
174.73,0.020521
224.83,0.019521
274.87,0.018837
324.9,0.018361
374.92,0.018
424.94,0.01773
474.94,0.017472
524.95,0.017254
574.96,0.017043
624.96,0.01689
674.96,0.016721
724.97,0.016592
774.96,0.016457
824.96,0.016334
874.96,0.016192
924.96,0.016033
974.96,0.015854
1012.1,0.015722
