Resources,MSE
0.0,0.0833333333333333
1.0,0.039632
2.0,0.026006
3.0,0.01809
4.0,0.014613
5.0,0.012488
6.0,0.0088848
7.0,0.0069105
8.0,0.0053377
9.0,0.004472
10.0,0.0037268
11.0,0.0030651
12.0,0.0024962
13.0,0.0021159
14.0,0.0017446
15.0,0.0014908
16.0,0.0012161
17.0,0.0010504
18.0,0.00087508
19.0,0.0007374
20.0,0.00064068
