Resources,MSE
0.0,0.0836666666666666
25.179,0.026694
74.846,0.0086338
124.91,0.0052585
174.92,0.0037999
224.93,0.0029828
274.93,0.0024623
324.94,0.002098
374.94,0.0018296
424.94,0.0016259
474.95,0.0014634
524.95,0.0013328
574.95,0.0012233
624.95,0.0011333
674.95,0.001056
724.96,0.00099137
774.96,0.00093479
824.96,0.00088424
874.96,0.0008403
924.97,0.00080086
974.97,0.00076536
1012.0,0.00074151
