Resources,MSE
0.0,0.0833333333333333
1.0,0.040567
2.0,0.029024
3.0,0.023393
4.0,0.019262
5.0,0.014542
6.0,0.012591
7.0,0.0093773
8.0,0.0074009
9.0,0.0057789
10.0,0.0047999
11.0,0.0039731
12.0,0.003382
13.0,0.0028231
14.0,0.0023615
15.0,0.0019814
16.0,0.00168
17.0,0.0014473
18.0,0.0012459
19.0,0.0010737
20.0,0.00093623
