Resources,MSE
0.0,0.0833333333333333
1.0,0.039814
2.0,0.032666
3.0,0.022247
4.0,0.018114
5.0,0.014971
6.0,0.012652
7.0,0.010916
8.0,0.0095281
9.0,0.0084063
10.0,0.0074465
11.0,0.0067271
12.0,0.0061467
13.0,0.0056498
14.0,0.0051822
15.0,0.0047665
16.0,0.0044383
17.0,0.0041716
18.0,0.0039407
19.0,0.003742
20.0,0.0035665
