Resources,MSE
0.0,0.0833333333333333
4.0,0.042501
8.0,0.034029
12.0,0.026325
16.0,0.021979
20.0,0.019772
24.0,0.018316
28.0,0.017105
32.0,0.016027
36.0,0.015064
40.0,0.014208
44.0,0.013455
48.0,0.012796
52.0,0.012222
56.0,0.011726
60.0,0.011299
64.0,0.010932
68.0,0.010619
72.0,0.01035
76.0,0.01012
80.0,0.0099198
84.0,0.009744
88.0,0.0095863
92.0,0.0094417
96.0,0.0093057
100.0,0.0091749
