Resources,MSE
0.0,0.0833333333333333
1.0,0.039832
2.0,0.032686
3.0,0.022257
4.0,0.018135
5.0,0.014999
6.0,0.012674
7.0,0.010927
8.0,0.0095359
9.0,0.0084088
10.0,0.0074488
11.0,0.0067324
12.0,0.0061465
13.0,0.0056527
14.0,0.0051923
15.0,0.0047785
16.0,0.004448
17.0,0.0041827
18.0,0.0039524
19.0,0.0037578
20.0,0.003585
