Resources,MSE
0.0,0.0833333333333333
4.0,0.045611
8.0,0.04862
12.0,0.047171
16.0,0.044539
20.0,0.04235
24.0,0.040434
28.0,0.038722
32.0,0.037206
36.0,0.03586
40.0,0.034646
44.0,0.033531
48.0,0.032493
52.0,0.031516
56.0,0.030591
60.0,0.029711
64.0,0.028872
68.0,0.02807
72.0,0.027303
76.0,0.026568
80.0,0.025865
84.0,0.025189
88.0,0.024532
92.0,0.023877
96.0,0.023202
100.0,0.022487
