Resources,MSE
0.0,0.08366666666666667
25.52,0.025607
74.943,0.0081577
124.95,0.0049521
174.88,0.0035667
224.9,0.0027979
274.92,0.0022992
324.93,0.0019496
374.95,0.0016911
424.96,0.0014941
474.98,0.0013376
524.99,0.0012108
575.01,0.0011067
625.02,0.0010187
675.04,0.00094469
725.06,0.00088163
775.08,0.00082691
825.09,0.00077882
875.1,0.00073688
925.11,0.00070059
975.12,0.00066815
1012.0,0.00064647
