Resources,MSE
0.0,0.08366666666666667
21.53,0.057312
74.218,0.041962
124.53,0.03498
174.68,0.030032
224.73,0.026342
274.79,0.023627
324.82,0.021421
374.85,0.019555
424.85,0.018017
474.87,0.016748
524.89,0.015634
574.93,0.014681
624.92,0.013814
674.95,0.013019
724.93,0.012336
774.99,0.011744
825.06,0.011221
875.17,0.010711
925.38,0.010257
976.51,0.0097208
1015.4,0.0093086
