Resources,MSE
0.0,0.08366666666666667
23.685,0.03064
74.595,0.013679
124.75,0.01076
174.83,0.0092182
224.87,0.008203
274.89,0.0074737
324.91,0.0069356
374.93,0.0065165
424.94,0.006195
474.94,0.0059261
524.95,0.0056962
574.95,0.0055073
624.95,0.0053371
674.96,0.0051974
724.97,0.0050762
774.97,0.0049686
824.97,0.0048887
874.97,0.0048212
924.97,0.0047563
974.98,0.0047011
1012.0,0.004657
