Resources,MSE
0.0,0.08366666666666667
25.319,0.027559
73.4,0.0092831
124.45,0.0058835
176.35,0.0043231
227.75,0.0034545
277.29,0.0028941
322.81,0.002525
374.56,0.0022168
426.44,0.0019746
475.24,0.0017897
526.07,0.0016288
575.17,0.0014975
623.13,0.0013935
674.1,0.0012978
720.56,0.0012232
773.26,0.0011492
821.05,0.0010883
871.2,0.0010329
921.89,0.00098374
973.9,0.0009387
1013.8,0.00090745
