Resources,MSE
0.0,0.08366666666666667
23.881,0.040748
74.352,0.025503
124.6,0.022107
174.73,0.020411
224.83,0.019387
274.88,0.018738
324.9,0.018283
374.91,0.017922
424.93,0.01761
474.95,0.017383
524.95,0.017127
574.96,0.016928
624.96,0.016758
674.96,0.016583
724.97,0.016407
774.97,0.016292
824.97,0.016134
874.97,0.015952
924.96,0.015797
974.96,0.015652
1012.1,0.015554
