Resources,ProbError
0.0,0.5
0.075015,0.49042
0.12501,0.47493
0.175,0.45233
0.22499,0.4239
0.27499,0.39111
0.325,0.35481
0.375,0.31651
0.42499,0.27808
0.475,0.24045
0.525,0.20481
0.57499,0.17106
0.625,0.14107
0.675,0.11404
0.72499,0.091199
0.775,0.071412
0.825,0.055426
0.87501,0.041793
0.925,0.031466
0.97499,0.023208
1.025,0.01682
1.075,0.012019
1.125,0.0085319
1.175,0.0059412
1.225,0.0040899
1.275,0.0027741
1.325,0.0018869
1.375,0.0012708
1.425,0.00085995
1.475,0.00055526
1.525,0.00036525
