Resources,ProbError
0.0,0.5
0.075034,0.48616
0.125,0.46152
0.17498,0.43022
0.22497,0.39081
0.27499,0.34567
0.32498,0.30084
0.375,0.25756
0.425,0.21822
0.47498,0.18235
0.52499,0.15067
0.57501,0.12494
0.62504,0.1031
0.675,0.084938
0.72501,0.07082
0.77499,0.058527
0.825,0.048353
0.87499,0.039809
0.92499,0.03281
0.97499,0.02685
1.025,0.021901
1.075,0.017644
1.125,0.014205
1.175,0.011371
1.225,0.0088182
1.275,0.0068533
1.325,0.0053062
1.375,0.0041252
1.425,0.0031795
1.475,0.0024204
1.525,0.0017444
