Resources,ProbError
0.0,0.5
0.075009,0.48794
0.12502,0.47046
0.175,0.44293
0.22499,0.40982
0.27499,0.37292
0.32501,0.3333
0.375,0.29264
0.42499,0.25306
0.475,0.21577
0.52501,0.18176
0.575,0.15154
0.62498,0.12496
0.675,0.10195
0.725,0.082741
0.77498,0.066695
0.82499,0.054033
0.87503,0.043503
0.92499,0.03496
0.975,0.028438
1.025,0.022935
1.075,0.018923
1.125,0.015617
1.175,0.012524
1.225,0.010809
1.275,0.0087658
1.325,0.0074939
1.375,0.0059781
1.425,0.0050624
1.475,0.0040396
1.525,0.003378
